<?xml version="1.0" encoding="UTF-8"?>
<project-private xmlns="http://www.netbeans.org/ns/project-private/1">
    <editor-bookmarks xmlns="http://www.netbeans.org/ns/editor-bookmarks/2" lastBookmarkId="0"/>
    <open-files xmlns="http://www.netbeans.org/ns/projectui-open-files/2">
        <group>
            <file>file:/C:/Users/Erik/Desktop/data%20structures/class%207%20ds/src/pkgclass/pkg7/ds/largest.java</file>
            <file>file:/C:/Users/Erik/Desktop/data%20structures/class%207%20ds/src/pkgclass/pkg7/ds/Class7Ds.java</file>
            <file>file:/C:/Users/Erik/Desktop/data%20structures/class%207%20ds/src/pkgclass/pkg7/ds/raninputnum.java</file>
        </group>
    </open-files>
</project-private>
